County,Precinct,Precinct ID,Freddie Dickson,Donna Edwards,Ralph Jaffe,Theresa Scaldaferri,Charles Smith,Violet Staley,Blaine Taylor,Ed Tinus,Chris Van Hollen,Lih Young
Alegany,100,001-000,1,12,0,3,2,0,1,1,29,0
Alegany,200,002-000,2,14,1,0,2,3,3,1,24,1
Alegany,300,003-000,3,12,0,1,3,2,1,2,21,1
Alegany,402,004-002,2,13,1,3,3,6,4,1,28,4
Alegany,403,004-003,3,36,2,4,6,2,3,0,75,2
Alegany,404,004-004,7,46,3,1,2,4,5,1,101,3
Alegany,405,004-005,1,25,1,0,1,2,0,1,43,2
Alegany,408,004-008,9,50,3,3,4,3,4,1,77,2
Alegany,504,005-004,5,34,3,3,2,0,3,3,77,3
Alegany,506,005-006,3,16,1,0,1,2,4,1,27,0
Alegany,601,006-001,2,56,1,3,3,4,4,0,104,4
Alegany,603,006-003,3,28,1,4,3,4,2,0,38,2
Alegany,605,006-005,4,45,1,5,1,3,3,1,87,4
Alegany,606,006-006,2,38,4,3,9,1,5,1,62,0
Alegany,701,007-001,5,48,3,4,3,1,9,0,96,6
Alegany,702,007-002,3,43,2,3,5,2,3,1,92,1
Alegany,800,008-000,9,54,2,6,4,6,10,0,89,6
Alegany,900,009-000,4,21,1,1,1,0,4,1,16,0
Alegany,1000,010-000,2,21,1,3,1,1,2,0,38,0
Alegany,1100,011-000,4,31,1,6,1,3,3,2,71,3
Alegany,1200,012-000,13,74,5,4,2,6,6,2,127,1
Alegany,1300,013-000,7,37,2,2,4,5,8,0,59,5
Alegany,1400,014-000,3,10,0,4,0,4,0,0,32,0
Alegany,1600,016-000,3,35,1,1,7,2,2,1,62,3
Alegany,1800,018-000,4,27,3,1,3,2,1,1,50,1
Alegany,2000,020-000,4,22,5,3,4,0,6,1,55,4
Alegany,2100,021-000,2,20,2,2,2,1,2,2,51,0
Alegany,2201,022-001,7,41,2,2,3,3,4,3,80,3
Alegany,2202,022-002,0,4,0,1,0,0,0,0,2,0
Alegany,2300,023-000,7,70,3,8,6,7,8,2,128,5
Alegany,2400,024-000,4,30,0,4,2,1,3,0,58,3
Alegany,2600,026-000,10,78,4,8,4,11,7,1,126,5
Alegany,2901,029-001,11,52,5,5,4,7,6,1,116,4
Alegany,2902,029-002,6,46,2,6,7,1,2,1,124,2
Alegany,2903,029-003,5,41,2,2,1,0,2,2,95,1
Alegany,3100,031-000,7,29,2,1,0,0,1,1,41,1
Alegany,3400,034-000,5,39,2,4,4,1,8,3,97,3
Alegany,6001,EVC-1,0,0,0,0,0,0,0,0,0,0
Alegany,7000,Absentee 1,0,0,0,0,0,0,0,0,0,0
Alegany,7500,Provisional,0,0,0,0,0,0,0,0,0,0
Alegany,8000,Absentee 2,0,0,0,0,0,0,0,0,0,0
Caroline,101,001-001,2,29,3,4,2,1,3,4,51,1
Caroline,201,002-001,3,77,7,10,7,8,5,2,146,2
Caroline,301,003-001,9,141,8,17,6,8,3,1,164,7
Caroline,401,004-001,2,103,5,6,3,5,0,1,100,2
Caroline,501,005-001,16,95,4,6,11,9,1,1,99,0
Caroline,601,006-001,3,35,2,4,1,0,5,1,71,3
Caroline,701,007-001,9,89,3,13,5,6,4,1,119,3
Caroline,801,008-001,4,25,2,4,0,3,1,1,49,2
Caroline,6001,EVC-1,0,0,0,0,0,0,0,0,0,0
Caroline,7000,Absentee 1,0,0,0,0,0,0,0,0,0,0
Caroline,7500,Provisional,0,0,0,0,0,0,0,0,0,0
Caroline,8000,Absentee 2,0,0,0,0,0,0,0,0,0,0
Carroll,101,001-001,7,94,4,6,8,16,9,2,330,4
Carroll,201,002-001,2,22,0,4,2,6,0,0,81,0
Carroll,202,002-002,2,25,1,4,1,8,1,1,96,2
Carroll,301,003-001,9,63,6,11,1,6,3,2,194,4
Carroll,401,004-001,12,114,6,10,2,10,4,6,424,4
Carroll,402,004-002,3,31,1,2,4,6,3,2,160,6
Carroll,403,004-003,5,75,3,8,2,7,1,1,296,5
Carroll,501,005-001,0,69,4,1,2,7,1,2,271,5
Carroll,502,005-002,4,93,8,10,5,9,3,2,420,6
Carroll,503,005-003,2,64,7,8,2,5,2,1,236,5
Carroll,504,005-004,11,167,7,19,4,12,4,2,627,9
Carroll,505,005-005,1,57,2,11,1,6,2,0,195,3
Carroll,506,005-006,0,19,1,1,0,1,2,1,69,0
Carroll,601,006-001,3,74,5,10,4,13,3,2,248,5
Carroll,602,006-002,5,88,6,17,0,8,4,3,276,6
Carroll,701,007-001,3,24,0,4,0,1,1,0,85,1
Carroll,702,007-002,2,44,5,4,2,6,3,5,198,6
Carroll,703,007-003,3,58,4,6,4,7,8,1,188,6
Carroll,704,007-004,8,106,3,11,3,10,5,3,376,10
Carroll,705,007-005,4,16,1,2,2,0,0,1,114,2
Carroll,706,007-006,2,34,2,3,1,4,1,1,178,4
Carroll,707,007-007,14,104,5,10,1,9,5,1,376,8
Carroll,708,007-008,3,24,0,2,0,1,1,0,113,1
Carroll,801,008-001,6,54,3,14,3,6,4,3,285,5
Carroll,802,008-002,8,50,4,8,3,5,0,4,211,5
Carroll,803,008-003,2,46,6,4,4,4,2,2,161,4
Carroll,901,009-001,3,59,7,9,5,4,4,0,241,1
Carroll,902,009-002,2,16,2,0,1,2,0,0,124,2
Carroll,1001,010-001,1,10,1,3,2,1,0,2,35,1
Carroll,1101,011-001,2,40,2,3,4,3,1,1,149,3
Carroll,1201,012-001,2,20,0,0,2,3,2,0,69,2
Carroll,1301,013-001,3,114,7,11,9,15,8,1,558,4
Carroll,1401,014-001,4,56,0,10,1,5,1,3,238,1
Carroll,1402,014-002,11,89,4,4,5,12,7,5,386,2
Carroll,1403,014-003,0,7,0,0,1,1,0,0,55,2
Carroll,6001,EVC-1,0,0,0,0,0,0,0,0,0,0
Carroll,7000,Absentee 1,0,0,0,0,0,0,0,0,0,0
Carroll,7500,Provisional,0,0,0,0,0,0,0,0,0,0
Carroll,8000,Absentee 2,0,0,0,0,0,0,0,0,0,0
Cecil,101,001-001,9,65,10,8,6,6,10,2,184,8
Cecil,201,002-001,6,63,3,5,2,3,5,0,107,8
Cecil,202,002-002,8,48,9,8,6,5,3,3,71,7
Cecil,301,003-001,19,149,13,22,13,13,3,1,162,2
Cecil,302,003-002,2,24,2,3,4,4,2,1,49,1
Cecil,303,003-003,15,106,9,8,11,13,2,1,106,7
Cecil,304,003-004,1,8,3,0,2,0,1,0,12,0
Cecil,305,003-005,4,32,1,7,1,4,3,2,33,3
Cecil,306,003-006,3,40,5,5,3,5,4,0,76,0
Cecil,307,003-007,9,87,6,11,6,6,5,2,76,2
Cecil,401,004-001,7,145,5,15,2,10,7,2,192,4
Cecil,402,004-002,4,80,1,18,4,10,5,0,66,3
Cecil,501,005-001,7,56,9,8,1,9,2,1,108,5
Cecil,502,005-002,8,52,11,6,3,5,5,1,110,2
Cecil,503,005-003,14,77,12,15,5,10,2,1,201,10
Cecil,504,005-004,3,48,4,9,4,9,4,3,89,3
Cecil,505,005-005,8,88,12,9,7,8,4,5,141,5
Cecil,506,005-006,1,12,3,3,0,0,0,0,30,3
Cecil,601,006-001,11,57,10,14,9,11,7,3,184,3
Cecil,602,006-002,9,54,9,6,4,7,1,1,159,8
Cecil,603,006-003,2,13,2,3,0,1,0,1,31,1
Cecil,701,007-001,6,56,4,10,7,5,1,5,156,7
Cecil,702,007-002,4,124,8,8,2,15,0,1,226,6
Cecil,703,007-003,0,23,2,4,0,1,2,2,41,0
Cecil,704,007-004,2,7,1,3,0,0,2,0,24,0
Cecil,801,008-001,5,40,6,7,4,2,3,3,121,4
Cecil,901,009-001,5,25,2,5,5,2,1,0,86,2
Cecil,902,009-002,2,36,6,8,1,6,2,0,58,2
Cecil,6001,EVC-1,0,0,0,0,0,0,0,0,0,0
Cecil,7000,Absentee 1,0,0,0,0,0,0,0,0,0,0
Cecil,7500,Provisional,0,0,0,0,0,0,0,0,0,0
Cecil,8000,Absentee 2,0,0,0,0,0,0,0,0,0,0
Charles,101,001-001,9,186,2,11,11,5,3,6,167,3
Charles,102,001-002,5,96,4,8,5,0,2,0,170,3
Charles,103,001-003,8,130,2,12,6,8,4,2,159,6
Charles,104,001-004,6,78,4,2,6,1,4,1,134,0
Charles,201,002-001,5,51,2,1,3,2,5,3,79,2
Charles,301,003-001,7,112,2,6,8,4,3,0,123,3
Charles,401,004-001,7,82,6,5,4,3,4,1,122,2
Charles,402,004-002,3,36,9,2,2,1,1,3,65,1
Charles,501,005-001,15,116,5,6,7,3,9,4,173,6
Charles,601,006-001,8,116,3,8,5,6,3,1,177,3
Charles,602,006-002,15,366,2,8,6,6,3,0,255,7
Charles,603,006-003,15,319,5,8,11,8,5,0,134,3
Charles,604,006-004,27,454,8,6,6,9,3,0,206,7
Charles,605,006-005,23,418,2,15,7,10,2,2,179,5
Charles,606,006-006,16,309,4,7,14,11,7,3,199,3
Charles,607,006-007,22,298,5,15,8,6,3,1,157,11
Charles,608,006-008,16,195,4,9,7,7,4,2,116,2
Charles,609,006-009,12,214,7,5,6,8,1,1,221,3
Charles,610,006-010,15,518,4,6,11,7,7,4,204,6
Charles,611,006-011,15,281,1,6,4,7,2,3,136,3
Charles,612,006-012,9,147,1,5,2,2,6,1,89,0
Charles,613,006-013,13,410,13,4,7,11,9,1,232,4
Charles,614,006-014,12,434,4,8,11,6,4,1,291,4
Charles,615,006-015,18,294,6,5,10,6,4,1,126,5
Charles,616,006-016,14,207,6,5,3,2,4,1,112,3
Charles,617,006-017,7,149,1,4,4,4,2,0,96,5
Charles,618,006-018,24,510,7,9,10,8,2,0,178,4
Charles,619,006-019,9,278,1,12,7,11,0,0,137,7
Charles,620,006-020,6,123,3,6,4,1,1,1,103,2
Charles,621,006-021,10,204,2,8,6,4,6,0,103,5
Charles,622,006-022,10,207,2,11,2,5,3,0,113,3
Charles,701,007-001,6,52,0,2,3,2,1,0,68,1
Charles,702,007-002,15,271,6,8,13,7,5,1,153,4
Charles,703,007-003,16,350,7,7,4,5,10,3,227,6
Charles,704,007-004,9,344,3,5,9,8,6,0,161,2
Charles,801,008-001,9,171,6,7,8,10,4,1,223,3
Charles,802,008-002,13,193,2,11,9,2,5,0,177,6
Charles,803,008-003,7,164,4,3,2,3,6,1,143,2
Charles,804,008-004,5,226,7,10,9,4,3,1,219,5
Charles,805,008-005,0,15,1,1,3,1,0,0,23,1
Charles,901,009-001,12,202,3,7,3,3,3,1,154,4
Charles,902,009-002,10,117,4,5,6,7,3,0,143,4
Charles,1001,010-001,8,233,5,7,8,5,5,3,160,11
Charles,6001,EVC-1,0,0,0,0,0,0,0,0,0,0
Charles,6002,EVC-2,0,0,0,0,0,0,0,0,0,0
Charles,7000,Absentee 1,0,0,0,0,0,0,0,0,0,0
Charles,7500,Provisional,0,0,0,0,0,0,0,0,0,0
Charles,8000,Absentee 2,0,0,0,0,0,0,0,0,0,0
Frederick,101,001-001,3,89,3,12,9,8,6,2,222,3
Frederick,102,001-002,14,139,6,16,9,16,12,2,220,11
Frederick,103,001-003,5,74,4,7,5,8,4,1,142,6
Frederick,201,002-001,14,174,8,13,12,11,13,1,213,10
Frederick,202,002-002,3,57,2,7,8,2,1,1,94,3
Frederick,203,002-003,7,136,7,9,12,17,7,2,339,4
Frederick,204,002-004,25,198,8,20,16,24,17,1,263,13
Frederick,205,002-005,10,167,8,16,13,16,9,3,562,10
Frederick,206,002-006,13,130,7,12,11,8,8,3,212,5
Frederick,207,002-007,14,164,3,19,13,13,11,5,300,10
Frederick,208,002-008,13,180,7,17,8,16,7,2,244,12
Frederick,210,002-010,13,164,7,24,18,10,8,3,314,16
Frederick,211,002-011,9,108,2,13,16,12,5,1,184,9
Frederick,213,002-013,12,139,5,7,12,14,3,3,193,9
Frederick,214,002-014,3,62,10,9,2,3,4,1,135,2
Frederick,215,002-015,1,112,4,9,8,4,6,2,332,6
Frederick,216,002-016,6,106,2,14,7,9,5,1,150,9
Frederick,217,002-017,19,112,2,12,12,9,6,2,107,11
Frederick,218,002-018,5,66,4,11,3,7,6,1,120,5
Frederick,301,003-001,2,46,4,5,12,2,5,3,158,3
Frederick,302,003-002,2,78,4,7,19,5,3,0,313,7
Frederick,303,003-003,3,47,4,3,13,13,0,0,179,4
Frederick,401,004-001,1,16,1,2,8,0,0,1,35,1
Frederick,501,005-001,8,62,4,9,12,6,7,2,244,4
Frederick,601,006-001,2,20,3,4,5,1,2,1,108,0
Frederick,701,007-001,6,55,1,7,4,9,4,1,163,0
Frederick,702,007-002,12,144,10,10,14,16,7,2,315,16
Frederick,703,007-003,6,55,4,7,6,5,2,1,185,3
Frederick,704,007-004,4,70,1,4,4,4,3,0,167,3
Frederick,705,007-005,0,3,0,1,0,0,0,0,5,0
Frederick,706,007-006,0,1,0,0,0,0,0,0,0,0
Frederick,707,007-007,0,3,0,1,2,0,2,0,23,0
Frederick,801,008-001,4,24,3,3,8,3,4,4,130,1
Frederick,901,009-001,10,67,6,10,6,7,2,0,221,4
Frederick,902,009-002,4,70,8,5,8,9,5,3,247,9
Frederick,903,009-003,2,19,0,2,1,2,3,0,34,1
Frederick,904,009-004,4,43,5,8,6,7,6,1,236,5
Frederick,905,009-005,0,20,2,3,7,4,3,1,120,1
Frederick,906,009-006,14,81,2,11,6,17,6,1,242,4
Frederick,907,009-007,10,96,5,10,11,12,4,4,330,5
Frederick,908,009-008,0,35,2,8,4,3,2,2,128,3
Frederick,909,009-009,0,24,2,1,1,2,1,0,52,2
Frederick,1001,010-001,2,10,2,1,9,6,1,1,67,2
Frederick,1101,011-001,2,30,2,3,8,6,2,2,150,3
Frederick,1201,012-001,0,66,5,10,15,6,3,0,197,6
Frederick,1202,012-002,0,0,0,0,1,0,0,0,0,0
Frederick,1301,013-001,6,90,6,17,9,11,8,1,381,7
Frederick,1302,013-002,0,0,0,0,1,0,0,1,8,0
Frederick,1303,013-003,1,8,0,2,0,0,1,0,24,0
Frederick,1401,014-001,4,74,5,8,23,13,4,2,268,4
Frederick,1402,014-002,0,6,1,1,2,1,1,0,42,2
Frederick,1501,015-001,0,36,5,8,9,5,5,0,139,1
Frederick,1502,015-002,3,56,7,11,16,5,13,2,161,2
Frederick,1601,016-001,9,70,4,9,18,4,5,2,245,3
Frederick,1701,017-001,4,22,2,2,7,1,2,0,93,2
Frederick,1801,018-001,3,62,6,6,3,9,2,1,260,2
Frederick,1802,018-002,7,38,2,6,1,6,7,5,144,1
Frederick,1803,018-003,4,24,0,1,2,3,2,2,121,0
Frederick,1901,019-001,1,20,1,1,4,1,1,0,86,1
Frederick,2001,020-001,3,31,5,4,10,3,5,1,141,4
Frederick,2101,021-001,1,24,3,2,9,5,2,0,143,2
Frederick,2102,021-002,6,72,0,6,6,12,5,1,169,3
Frederick,2103,021-003,2,32,3,3,3,5,1,1,132,3
Frederick,2104,021-004,5,92,4,11,5,11,6,1,190,3
Frederick,2107,021-007,2,15,1,0,3,1,0,0,61,0
Frederick,2108,021-008,0,0,0,0,0,0,0,0,0,1
Frederick,2201,022-001,3,20,1,1,4,1,2,0,131,2
Frederick,2202,022-002,0,0,0,0,0,0,0,0,0,0
Frederick,2301,023-001,19,168,9,18,16,14,8,3,327,12
Frederick,2302,023-002,1,0,1,0,0,0,0,0,5,0
Frederick,2401,024-001,3,38,2,2,8,6,7,2,198,7
Frederick,2402,024-002,2,18,0,1,4,4,1,0,95,3
Frederick,2403,024-003,0,21,1,0,1,2,1,1,81,1
Frederick,2404,024-004,0,0,0,0,0,0,0,0,0,0
Frederick,2405,024-005,3,38,4,4,4,3,1,0,74,3
Frederick,2406,024-006,0,0,0,0,0,0,0,0,1,0
Frederick,2501,025-001,3,105,8,9,20,12,10,2,221,8
Frederick,2601,026-001,5,97,8,12,17,11,6,0,326,5
Frederick,2602,026-002,4,73,6,8,14,6,7,1,241,3
Frederick,6001,EVC-1,28,619,17,45,50,42,23,12,1960,30
Frederick,6002,EVC-2,2,54,4,7,14,6,4,1,288,2
Frederick,6003,EVC-3,10,183,6,13,8,21,10,2,702,6
Frederick,7000,Absentee 1,19,263,5,23,21,29,6,7,491,15
Frederick,7500,Provisional,8,98,2,16,8,21,8,3,117,8
Frederick,8000,Absentee 2,17,202,6,14,9,26,7,3,359,12
Garrett,100,001-000,4,37,5,5,1,6,1,2,34,0
Garrett,200,002-000,7,32,1,3,3,5,5,2,26,4
Garrett,301,003-001,8,45,3,4,2,5,3,0,32,3
Garrett,302,003-002,3,18,0,1,2,3,1,0,13,0
Garrett,400,004-000,2,9,0,1,2,3,3,0,14,2
Garrett,500,005-000,5,35,1,7,9,2,3,0,36,4
Garrett,600,006-000,3,45,6,7,3,4,0,4,48,3
Garrett,700,007-000,8,26,2,5,3,4,4,1,32,3
Garrett,801,008-001,5,12,1,3,3,0,5,0,6,1
Garrett,802,008-002,1,6,1,3,0,1,3,0,8,1
Garrett,900,009-000,2,19,3,4,2,3,3,1,39,2
Garrett,1000,010-000,6,25,5,3,8,4,2,2,23,0
Garrett,1100,011-000,0,4,0,0,0,0,0,0,2,0
Garrett,1200,012-000,1,10,2,2,1,1,1,0,10,0
Garrett,1300,013-000,6,22,2,6,2,1,2,1,6,1
Garrett,1401,014-001,7,31,2,4,6,5,2,0,37,1
Garrett,1402,014-002,3,17,1,0,3,2,0,1,10,0
Garrett,1500,015-000,1,9,0,1,0,0,1,0,18,0
Garrett,1600,016-000,10,41,7,4,8,6,6,2,26,4
Garrett,6001,EVC-1,0,0,0,0,0,0,0,0,0,0
Garrett,6002,EVC-2,0,0,0,0,0,0,0,0,0,0
Garrett,7000,Absentee 1,0,0,0,0,0,0,0,0,0,0
Garrett,7500,Provisional,0,0,0,0,0,0,0,0,0,0
Garrett,8000,Absentee 2,0,0,0,0,0,0,0,0,0,0
Harford,101,001-001,17,244,3,11,9,7,2,1,135,11
Harford,102,001-002,4,109,1,7,3,3,1,2,147,1
Harford,103,001-003,8,86,2,5,4,4,5,3,94,3
Harford,104,001-004,9,146,9,8,0,8,2,0,205,3
Harford,105,001-005,3,143,3,3,1,3,7,2,123,4
Harford,106,001-006,11,174,6,10,7,11,6,3,103,2
Harford,107,001-007,2,38,0,2,1,1,5,0,109,0
Harford,108,001-008,5,117,5,8,5,11,5,1,209,9
Harford,109,001-009,5,87,5,2,3,7,4,1,149,4
Harford,110,001-010,10,234,8,11,6,9,5,1,205,6
Harford,111,001-011,4,70,6,11,2,5,4,1,218,5
Harford,112,001-012,8,94,1,2,4,1,2,0,195,6
Harford,113,001-013,1,54,0,2,0,3,1,0,63,4
Harford,114,001-014,6,93,6,6,4,12,2,1,265,5
Harford,115,001-015,12,124,1,11,2,8,4,0,167,3
Harford,116,001-016,4,209,5,1,4,6,5,0,187,6
Harford,117,001-017,0,17,2,2,0,3,2,1,30,0
Harford,118,001-018,6,106,5,6,0,2,0,0,120,1
Harford,119,001-019,11,251,2,5,4,7,4,4,133,1
Harford,120,001-020,26,254,0,9,5,14,4,0,168,8
Harford,121,001-021,1,19,0,3,1,4,1,1,52,1
Harford,122,001-022,0,7,0,0,0,0,0,0,12,0
Harford,123,001-023,1,21,0,0,0,1,0,1,20,1
Harford,124,001-024,1,29,1,4,2,3,1,0,46,1
Harford,125,001-025,0,0,0,0,0,0,0,0,4,1
Harford,126,001-026,3,54,1,4,0,3,0,1,88,1
Harford,127,001-027,3,42,0,3,0,0,1,0,73,2
Harford,141,001-041,10,97,4,9,2,7,4,0,154,2
Harford,145,001-045,2,75,2,6,0,8,2,5,191,6
Harford,201,002-001,0,37,2,1,0,1,1,0,24,1
Harford,202,002-002,6,80,8,7,4,4,5,3,266,5
Harford,203,002-003,3,80,2,6,0,2,0,1,106,2
Harford,204,002-004,0,10,0,0,0,1,0,0,12,0
Harford,205,002-005,0,2,0,1,0,0,0,0,4,1
Harford,207,002-007,1,3,0,0,0,0,0,0,2,0
Harford,210,002-010,6,207,4,4,2,8,3,0,156,2
Harford,211,002-011,2,140,2,7,0,4,1,1,146,4
Harford,214,002-014,6,140,3,7,2,10,3,1,84,1
Harford,215,002-015,4,175,1,2,6,13,3,0,143,4
Harford,219,002-019,0,23,0,0,0,1,0,0,10,1
Harford,220,002-020,0,1,1,0,0,0,0,0,0,0
Harford,221,002-021,1,3,0,0,1,0,0,1,3,0
Harford,222,002-022,0,0,0,0,0,0,0,0,4,1
Harford,302,003-002,3,56,7,5,1,5,1,2,184,3
Harford,303,003-003,6,41,6,14,1,4,5,4,255,2
Harford,304,003-004,2,35,1,6,5,2,1,0,97,4
Harford,305,003-005,5,63,3,6,1,6,4,5,181,1
Harford,306,003-006,3,48,5,6,4,1,3,4,238,2
Harford,307,003-007,7,50,1,8,1,2,5,0,152,2
Harford,308,003-008,9,55,6,13,0,5,4,1,201,1
Harford,309,003-009,3,65,11,7,0,6,3,4,251,3
Harford,310,003-010,1,66,5,6,3,9,3,1,216,4
Harford,311,003-011,2,51,3,4,2,5,0,0,150,2
Harford,312,003-012,5,51,3,5,3,8,4,2,155,4
Harford,313,003-013,3,55,6,6,2,6,3,3,218,8
Harford,314,003-014,2,34,4,4,2,4,1,0,118,2
Harford,315,003-015,3,58,3,3,2,1,1,2,96,5
Harford,316,003-016,2,50,6,10,4,3,6,0,163,3
Harford,317,003-017,2,49,4,1,2,2,1,0,185,3
Harford,318,003-018,2,47,5,11,4,4,0,1,127,4
Harford,319,003-019,8,70,3,8,0,7,5,2,165,3
Harford,320,003-020,3,51,2,8,5,1,0,5,152,3
Harford,321,003-021,4,70,6,5,0,4,2,1,152,6
Harford,322,003-022,9,62,5,13,5,4,1,5,146,2
Harford,323,003-023,3,79,6,6,1,6,3,0,228,2
Harford,324,003-024,1,36,2,3,1,4,2,3,122,2
Harford,326,003-026,0,10,2,3,0,2,0,0,39,2
Harford,327,003-027,0,9,2,0,0,1,0,1,29,1
Harford,401,004-001,0,20,3,9,0,2,2,2,104,1
Harford,402,004-002,2,43,4,10,2,1,2,3,173,2
Harford,403,004-003,6,55,9,4,8,4,9,6,155,2
Harford,404,004-004,5,50,3,5,1,3,2,2,130,2
Harford,405,004-005,5,47,5,4,1,2,1,0,164,4
Harford,406,004-006,2,22,2,3,1,8,4,1,112,1
Harford,407,004-007,1,20,2,2,0,0,2,0,80,2
Harford,501,005-001,3,46,5,7,4,1,7,2,155,2
Harford,502,005-002,1,39,0,4,3,3,3,0,116,3
Harford,503,005-003,4,44,4,8,5,4,3,1,152,5
Harford,504,005-004,0,42,5,2,5,1,4,1,99,3
Harford,601,006-001,5,132,8,5,1,8,1,0,128,5
Harford,602,006-002,5,121,6,10,1,11,4,1,166,3
Harford,603,006-003,10,90,7,5,2,7,3,1,184,7
Harford,604,006-004,1,3,0,0,0,1,0,0,23,0
Harford,605,006-005,1,29,0,0,1,0,0,0,12,1
Harford,606,006-006,5,153,10,8,5,15,4,0,267,5
Harford,607,006-007,2,3,0,1,0,0,0,0,22,2
Harford,6001,EVC-1,0,0,0,0,0,0,0,0,0,0
Harford,6002,EVC-2,0,0,0,0,0,0,0,0,0,0
Harford,6003,EVC-3,0,0,0,0,0,0,0,0,0,0
Harford,6004,EVC-4,0,0,0,0,0,0,0,0,0,0
Harford,7000,Absentee 1,0,0,0,0,0,0,0,0,0,0
Harford,7500,Provisional,0,0,0,0,0,0,0,0,0,0
Harford,8000,Absentee 2,0,0,0,0,0,0,0,0,0,0
Montgomery,101,001-001,2,62,0,1,1,3,0,0,176,2
Montgomery,102,001-002,0,86,5,1,1,6,3,1,236,9
Montgomery,103,001-003,12,176,1,6,2,13,2,0,427,3
Montgomery,104,001-004,9,130,6,8,5,4,5,0,187,7
Montgomery,105,001-005,3,127,4,3,3,3,2,3,294,5
Montgomery,106,001-006,2,79,2,2,0,1,3,1,158,4
Montgomery,107,001-007,0,13,0,1,0,0,0,0,36,2
Montgomery,201,002-001,12,183,4,14,4,5,7,1,353,11
Montgomery,202,002-002,13,206,3,14,5,7,1,3,325,10
Montgomery,203,002-003,16,214,8,12,2,17,3,0,323,14
Montgomery,204,002-004,7,204,6,8,1,4,5,3,376,9
Montgomery,205,002-005,7,187,4,11,4,12,5,0,317,5
Montgomery,206,002-006,14,140,8,12,8,6,3,1,327,12
Montgomery,207,002-007,0,1,0,0,0,0,0,0,3,0
Montgomery,208,002-008,4,120,5,4,7,3,1,2,263,7
Montgomery,209,002-009,2,20,0,0,1,0,1,0,25,0
Montgomery,210,002-010,10,58,3,3,4,3,1,1,135,2
Montgomery,211,002-011,7,170,3,7,5,6,6,1,294,11
Montgomery,301,003-001,2,78,5,1,2,3,1,1,297,3
Montgomery,302,003-002,1,56,1,2,3,4,3,1,278,3
Montgomery,401,004-001,10,142,6,7,2,4,6,2,520,6
Montgomery,402,004-002,1,86,0,3,3,5,3,0,519,4
Montgomery,403,004-003,4,131,5,9,1,11,1,1,734,9
Montgomery,404,004-004,1,80,3,5,0,4,2,0,409,4
Montgomery,405,004-005,3,90,3,2,3,2,2,2,374,3
Montgomery,406,004-006,4,75,2,11,5,3,2,7,318,4
Montgomery,407,004-007,6,81,6,8,6,6,4,1,373,14
Montgomery,408,004-008,3,124,2,6,1,5,1,2,877,4
Montgomery,409,004-009,2,56,4,3,1,3,2,0,295,7
Montgomery,410,004-010,1,75,1,9,0,6,0,1,464,4
Montgomery,411,004-011,0,7,1,0,0,0,0,0,75,0
Montgomery,412,004-012,2,58,5,3,2,2,3,1,663,6
Montgomery,413,004-013,1,55,3,3,1,0,1,0,605,0
Montgomery,414,004-014,4,103,2,7,2,6,5,3,553,1
Montgomery,415,004-015,7,41,0,3,1,6,1,2,186,3
Montgomery,416,004-016,3,99,4,5,1,6,0,1,631,3
Montgomery,417,004-017,2,81,3,1,0,4,0,0,497,2
Montgomery,418,004-018,3,62,6,2,0,1,2,1,634,1
Montgomery,419,004-019,5,52,1,3,0,7,0,1,214,5
Montgomery,420,004-020,2,56,2,5,0,5,2,0,644,6
Montgomery,421,004-021,2,44,5,2,1,0,1,0,613,6
Montgomery,423,004-023,0,5,0,0,0,0,0,0,32,0
Montgomery,424,004-024,1,53,2,5,1,1,2,0,376,8
Montgomery,425,004-025,0,43,1,1,0,0,0,0,335,1
Montgomery,426,004-026,5,57,5,11,2,12,1,1,312,5
Montgomery,427,004-027,2,19,2,1,2,0,0,0,62,4
Montgomery,428,004-028,1,55,2,2,0,2,0,1,171,0
Montgomery,429,004-029,1,24,0,3,0,0,1,0,116,1
Montgomery,430,004-030,1,67,2,6,2,3,2,1,408,1
Montgomery,431,004-031,1,67,1,8,1,6,1,2,501,4
Montgomery,432,004-032,1,15,2,2,1,0,0,0,256,4
Montgomery,433,004-033,0,1,0,0,0,0,0,0,2,0
Montgomery,434,004-034,5,76,2,1,1,0,1,0,309,3
Montgomery,435,004-035,1,15,0,1,0,0,0,0,41,0
Montgomery,437,004-037,0,9,0,3,0,1,0,0,23,1
Montgomery,438,004-038,0,3,0,0,0,0,0,0,10,0
Montgomery,440,004-040,0,5,1,1,0,1,0,0,8,0
Montgomery,442,004-042,0,1,0,0,0,0,0,0,0,0
Montgomery,443,004-043,0,1,0,0,0,0,0,0,0,0
Montgomery,501,005-001,7,171,2,9,5,4,2,0,452,6
Montgomery,502,005-002,10,307,7,9,5,6,4,0,230,4
Montgomery,503,005-003,11,277,7,8,3,3,1,0,513,12
Montgomery,504,005-004,2,111,3,0,3,2,2,1,374,2
Montgomery,505,005-005,3,128,0,4,2,1,1,1,350,2
Montgomery,506,005-006,11,213,5,9,3,4,4,0,469,6
Montgomery,508,005-008,14,164,6,11,2,3,3,2,450,8
Montgomery,509,005-009,5,178,5,2,2,2,4,1,647,4
Montgomery,510,005-010,6,131,2,3,1,4,2,0,212,1
Montgomery,511,005-011,6,128,7,9,3,5,2,2,360,4
Montgomery,512,005-012,10,269,2,12,4,7,2,1,521,10
Montgomery,513,005-013,12,282,5,26,9,12,4,0,302,5
Montgomery,514,005-014,14,118,4,12,11,2,4,0,172,6
Montgomery,515,005-015,2,157,5,10,3,6,1,3,309,9
Montgomery,516,005-016,5,171,7,9,1,2,0,3,610,6
Montgomery,517,005-017,7,243,4,6,4,6,3,1,317,7
Montgomery,518,005-018,1,70,0,2,1,2,0,1,159,3
Montgomery,519,005-019,4,170,5,7,1,3,2,1,289,6
Montgomery,521,005-021,8,269,3,14,5,3,4,0,299,3
Montgomery,522,005-022,1,56,1,1,2,3,0,1,298,2
Montgomery,523,005-023,8,315,1,7,3,6,4,1,412,3
Montgomery,601,006-001,2,42,2,2,0,2,0,0,248,3
Montgomery,602,006-002,3,66,5,2,0,5,1,0,374,5
Montgomery,603,006-003,3,57,3,4,4,6,0,0,364,5
Montgomery,604,006-004,4,54,5,4,0,2,2,2,508,5
Montgomery,605,006-005,5,109,0,7,1,6,1,3,552,3
Montgomery,606,006-006,2,75,6,2,4,3,0,2,417,7
Montgomery,607,006-007,7,142,6,3,5,8,3,1,357,12
Montgomery,608,006-008,4,45,2,1,1,3,1,1,384,4
Montgomery,609,006-009,1,51,2,3,1,0,1,1,293,2
Montgomery,610,006-010,16,149,2,9,9,10,3,3,353,3
Montgomery,611,006-011,0,1,0,0,0,0,0,0,10,0
Montgomery,613,006-013,1,46,2,4,2,6,0,3,272,5
Montgomery,614,006-014,2,28,3,0,3,3,0,0,200,3
Montgomery,615,006-015,7,94,1,5,3,4,8,0,368,12
Montgomery,701,007-001,1,60,2,2,0,2,0,3,341,0
Montgomery,702,007-002,0,47,0,1,2,1,0,0,548,0
Montgomery,703,007-003,1,95,1,1,1,1,0,1,812,1
Montgomery,704,007-004,2,119,5,3,1,2,3,1,781,3
Montgomery,705,007-005,0,53,1,0,0,0,0,2,593,1
Montgomery,706,007-006,0,42,2,1,2,0,0,0,458,0
Montgomery,707,007-007,0,56,1,0,0,1,0,3,535,0
Montgomery,708,007-008,5,106,5,4,0,5,0,1,491,8
Montgomery,709,007-009,1,68,1,1,0,1,0,1,554,3
Montgomery,710,007-010,0,78,1,2,0,2,0,0,689,1
Montgomery,711,007-011,2,87,0,7,0,6,0,0,842,1
Montgomery,712,007-012,0,53,1,2,0,1,2,0,712,0
Montgomery,713,007-013,0,64,0,4,1,2,0,0,741,4
Montgomery,715,007-015,0,56,0,4,2,1,0,0,800,3
Montgomery,716,007-016,0,67,1,3,1,0,0,0,554,3
Montgomery,718,007-018,0,65,0,1,1,1,0,2,726,1
Montgomery,719,007-019,0,122,1,2,2,3,2,1,1014,2
Montgomery,720,007-020,2,66,3,4,1,4,1,1,537,1
Montgomery,721,007-021,0,33,0,0,0,0,0,0,327,1
Montgomery,722,007-022,1,59,0,5,0,0,0,1,652,2
Montgomery,723,007-023,2,106,0,3,2,2,2,1,954,4
Montgomery,724,007-024,0,58,1,2,1,0,0,1,619,3
Montgomery,725,007-025,2,65,7,1,2,1,4,0,497,4
Montgomery,726,007-026,2,138,0,4,0,9,0,1,832,2
Montgomery,727,007-027,1,35,0,0,0,0,0,1,458,3
Montgomery,728,007-028,4,33,0,2,1,4,1,0,424,1
Montgomery,731,007-031,1,35,2,2,0,2,0,0,271,0
Montgomery,732,007-032,0,23,0,0,0,2,0,0,251,1
Montgomery,801,008-001,1,247,2,5,1,2,2,2,542,6
Montgomery,802,008-002,6,192,8,4,2,9,1,1,635,4
Montgomery,803,008-003,2,101,2,6,2,5,3,3,513,2
Montgomery,804,008-004,2,57,4,6,4,2,0,1,179,2
Montgomery,805,008-005,2,127,4,5,3,2,2,1,369,2
Montgomery,806,008-006,1,189,4,8,6,7,2,1,452,6
Montgomery,807,008-007,3,157,5,5,3,6,2,1,504,5
Montgomery,808,008-008,5,106,4,4,2,5,0,1,418,4
Montgomery,809,008-009,9,182,4,8,2,4,2,3,527,3
Montgomery,810,008-010,3,130,2,3,1,2,2,0,281,7
Montgomery,811,008-011,4,173,2,9,1,5,4,1,350,3
Montgomery,812,008-012,2,125,5,4,1,4,5,1,340,5
Montgomery,814,008-014,0,0,0,0,0,0,0,0,0,0
Montgomery,815,008-015,2,5,1,0,0,0,0,0,19,0
Montgomery,901,009-001,10,141,4,4,10,11,3,1,322,3
Montgomery,902,009-002,17,136,7,7,3,4,2,1,389,7
Montgomery,903,009-003,7,81,0,5,4,4,0,1,179,4
Montgomery,904,009-004,10,116,5,9,3,4,2,1,354,11
Montgomery,905,009-005,8,114,4,11,2,6,4,0,361,4
Montgomery,906,009-006,3,88,5,11,2,8,2,0,404,7
Montgomery,907,009-007,15,112,2,10,2,4,5,4,331,11
Montgomery,908,009-008,8,127,4,8,7,8,2,0,360,9
Montgomery,909,009-009,16,191,8,13,7,7,6,2,422,7
Montgomery,910,009-010,1,18,0,1,0,2,3,2,76,0
Montgomery,911,009-011,15,110,4,13,4,4,0,3,305,6
Montgomery,912,009-012,14,116,1,8,6,7,4,1,372,5
Montgomery,913,009-013,8,108,1,4,4,6,2,0,432,8
Montgomery,914,009-014,4,129,4,5,3,3,0,1,290,9
Montgomery,915,009-015,7,146,1,6,1,7,4,0,264,1
Montgomery,916,009-016,10,89,4,12,2,4,4,1,190,6
Montgomery,918,009-018,13,134,4,13,10,11,3,0,215,3
Montgomery,920,009-020,11,77,4,6,3,4,1,0,221,7
Montgomery,921,009-021,9,127,2,9,5,5,4,0,220,1
Montgomery,922,009-022,16,183,4,21,2,10,4,1,376,11
Montgomery,924,009-024,5,73,1,7,3,7,1,0,181,4
Montgomery,925,009-025,3,102,3,9,2,11,0,2,200,8
Montgomery,926,009-026,12,149,6,15,7,7,5,2,253,9
Montgomery,927,009-027,5,73,2,3,1,3,0,0,596,3
Montgomery,928,009-028,0,24,0,0,1,0,0,0,296,0
Montgomery,929,009-029,10,135,4,5,0,10,5,0,292,7
Montgomery,930,009-030,13,168,3,11,8,9,4,2,232,4
Montgomery,931,009-031,2,89,2,3,1,4,3,0,410,5
Montgomery,932,009-032,2,33,0,3,1,3,1,0,57,0
Montgomery,933,009-033,1,51,1,3,0,5,0,1,136,4
Montgomery,934,009-034,15,186,4,17,2,7,4,0,215,6
Montgomery,935,009-035,4,81,4,6,1,5,4,0,676,5
Montgomery,936,009-036,4,82,4,6,3,7,2,0,227,3
Montgomery,937,009-037,7,120,2,7,6,7,3,0,183,6
Montgomery,938,009-038,0,19,0,0,0,0,0,0,142,0
Montgomery,939,009-039,0,1,0,0,0,0,0,0,2,0
Montgomery,940,009-040,8,55,7,5,2,1,0,0,180,4
Montgomery,941,009-041,7,108,6,9,3,10,1,0,196,11
Montgomery,1001,010-001,1,33,0,2,1,3,1,0,173,1
Montgomery,1002,010-002,0,43,1,1,2,2,0,1,318,3
Montgomery,1003,010-003,4,60,2,3,1,1,0,0,418,5
Montgomery,1004,010-004,0,34,0,2,0,0,1,1,304,5
Montgomery,1005,010-005,2,37,1,1,1,2,1,0,369,5
Montgomery,1006,010-006,0,26,0,0,2,1,1,0,385,4
Montgomery,1007,010-007,5,64,1,2,1,3,1,0,511,4
Montgomery,1009,010-009,5,35,2,5,0,0,0,1,334,4
Montgomery,1010,010-010,2,44,2,1,0,1,0,2,500,5
Montgomery,1011,010-011,6,52,3,2,0,3,3,1,241,0
Montgomery,1012,010-012,4,71,2,2,3,1,0,0,553,5
Montgomery,1013,010-013,1,16,1,1,2,0,1,0,239,2
Montgomery,1100,011-000,3,45,2,3,2,2,0,1,254,3
Montgomery,1201,012-001,2,39,3,2,3,3,2,0,163,4
Montgomery,1202,012-002,3,38,0,8,2,3,3,1,187,1
Montgomery,1203,012-003,9,97,7,7,6,10,5,3,351,5
Montgomery,1204,012-004,6,86,2,6,3,2,0,3,203,6
Montgomery,1205,012-005,13,112,6,5,5,10,7,3,187,7
Montgomery,1301,013-001,3,93,3,3,0,6,1,0,328,2
Montgomery,1302,013-002,10,223,7,16,5,5,4,1,646,7
Montgomery,1303,013-003,1,55,3,0,1,1,0,1,564,0
Montgomery,1304,013-004,2,166,1,3,0,5,2,0,749,1
Montgomery,1305,013-005,3,235,2,7,5,6,0,0,395,6
Montgomery,1306,013-006,1,223,2,3,2,2,0,1,704,3
Montgomery,1307,013-007,2,138,2,4,0,2,1,0,696,2
Montgomery,1308,013-008,4,189,2,5,3,3,0,2,437,8
Montgomery,1310,013-010,7,158,2,2,1,12,2,0,219,5
Montgomery,1311,013-011,9,131,0,2,8,3,1,2,677,4
Montgomery,1313,013-013,2,185,4,4,1,5,1,2,406,1
Montgomery,1314,013-014,3,163,0,3,1,0,1,1,615,1
Montgomery,1315,013-015,7,276,6,8,3,1,1,1,645,6
Montgomery,1316,013-016,7,99,0,7,4,4,2,2,469,1
Montgomery,1318,013-018,3,186,1,2,3,2,2,0,484,1
Montgomery,1319,013-019,1,112,2,7,6,3,1,0,513,7
Montgomery,1320,013-020,1,35,2,3,3,0,0,0,359,2
Montgomery,1321,013-021,4,248,3,6,2,9,2,0,614,4
Montgomery,1322,013-022,5,252,1,6,3,1,3,0,415,2
Montgomery,1323,013-023,2,106,5,1,3,3,0,1,668,3
Montgomery,1324,013-024,3,77,3,2,3,1,0,0,572,1
Montgomery,1325,013-025,10,84,4,10,6,5,3,1,448,3
Montgomery,1327,013-027,4,108,2,8,3,2,3,0,512,7
Montgomery,1328,013-028,5,58,2,10,5,4,2,0,223,5
Montgomery,1329,013-029,6,103,3,9,7,4,3,0,442,3
Montgomery,1330,013-030,12,98,4,9,4,3,5,2,369,7
Montgomery,1331,013-031,1,81,1,3,2,7,0,2,412,2
Montgomery,1332,013-032,5,163,4,6,2,6,5,0,435,5
Montgomery,1333,013-033,6,67,0,5,1,4,1,0,348,2
Montgomery,1334,013-034,3,72,4,1,2,3,0,2,605,1
Montgomery,1335,013-035,5,96,5,10,4,9,1,1,411,7
Montgomery,1336,013-036,9,85,9,10,2,6,5,1,366,5
Montgomery,1337,013-037,11,76,3,10,6,3,3,0,221,2
Montgomery,1338,013-038,1,103,2,3,1,2,0,3,1023,4
Montgomery,1339,013-039,3,102,1,3,1,4,1,1,605,3
Montgomery,1340,013-040,2,88,2,3,3,3,1,2,483,2
Montgomery,1342,013-042,2,87,3,5,1,1,0,0,287,3
Montgomery,1343,013-043,4,60,2,11,2,2,1,0,294,5
Montgomery,1344,013-044,4,101,1,0,4,3,3,2,384,6
Montgomery,1345,013-045,5,58,3,4,5,5,0,0,257,4
Montgomery,1346,013-046,4,87,0,6,2,3,1,1,319,3
Montgomery,1347,013-047,5,283,2,10,2,7,5,1,421,4
Montgomery,1349,013-049,6,63,2,5,3,5,1,1,164,2
Montgomery,1350,013-050,3,102,1,2,0,1,0,0,511,0
Montgomery,1351,013-051,8,142,2,5,1,3,2,2,602,11
Montgomery,1352,013-052,5,103,1,3,2,1,1,0,365,0
Montgomery,1353,013-053,0,81,0,1,1,3,2,0,323,0
Montgomery,1354,013-054,1,81,4,3,1,2,1,1,484,2
Montgomery,1355,013-055,5,94,1,12,3,5,1,0,196,3
Montgomery,1356,013-056,3,128,8,9,4,7,0,0,423,7
Montgomery,1357,013-057,3,44,1,4,0,5,2,0,131,4
Montgomery,1358,013-058,5,167,2,5,2,13,5,3,774,1
Montgomery,1359,013-059,6,85,5,9,0,4,1,0,318,0
Montgomery,1360,013-060,0,0,0,0,0,0,0,0,0,0
Montgomery,1361,013-061,10,224,5,8,3,4,7,0,566,8
Montgomery,1363,013-063,3,47,1,4,1,1,2,0,150,2
Montgomery,1364,013-064,8,143,7,9,3,7,1,3,353,6
Montgomery,1365,013-065,5,117,1,5,2,5,3,0,212,5
Montgomery,1368,013-068,6,305,2,3,4,3,1,1,875,3
Montgomery,1369,013-069,2,62,5,1,0,0,1,0,597,0
Montgomery,1370,013-070,3,2,0,0,0,0,0,0,30,1
Montgomery,1371,013-071,1,44,2,3,0,2,0,0,423,0
Montgomery,6001,EVC-1,0,0,0,0,0,0,0,0,0,0
Montgomery,6002,EVC-2,0,0,0,0,0,0,0,0,0,0
Montgomery,6003,EVC-3,0,0,0,0,0,0,0,0,0,0
Montgomery,6004,EVC-4,0,0,0,0,0,0,0,0,0,0
Montgomery,6005,EVC-5,0,0,0,0,0,0,0,0,0,0
Montgomery,6006,EVC-6,0,0,0,0,0,0,0,0,0,0
Montgomery,6007,EVC-7,0,0,0,0,0,0,0,0,0,0
Montgomery,6008,EVC-8,0,0,0,0,0,0,0,0,0,0
Montgomery,6009,EVC-9,0,0,0,0,0,0,0,0,0,0
Montgomery,6010,EVC-10,0,0,0,0,0,0,0,0,0,0
Montgomery,7000,Absentee 1,0,0,0,0,0,0,0,0,0,0
Montgomery,7500,Provisional,0,0,0,0,0,0,0,0,0,0
Montgomery,8000,Absentee 2,0,0,0,0,0,0,0,0,0,0
Prince Georges,101,001-001,18,283,3,14,3,9,4,1,312,9
Prince Georges,102,001-002,2,92,1,4,9,1,0,0,128,2
Prince Georges,103,001-003,18,290,7,16,8,9,2,0,216,5
Prince Georges,104,001-004,13,164,2,8,6,9,3,1,211,5
Prince Georges,105,001-005,6,195,7,11,5,9,4,1,281,9
Prince Georges,106,001-006,8,206,2,6,3,3,4,0,154,5
Prince Georges,107,001-007,4,85,3,7,1,2,0,1,336,3
Prince Georges,108,001-008,1,49,1,3,1,3,0,0,60,0
Prince Georges,201,002-001,7,176,2,6,3,3,2,2,58,1
Prince Georges,202,002-002,10,150,2,4,6,1,2,0,147,3
Prince Georges,203,002-003,6,390,2,4,3,5,5,1,252,4
Prince Georges,204,002-004,10,190,4,6,3,5,1,0,90,2
Prince Georges,205,002-005,8,192,1,7,4,3,3,0,59,7
Prince Georges,206,002-006,14,321,5,10,5,5,6,1,155,3
Prince Georges,207,002-007,3,303,2,5,1,4,4,2,287,1
Prince Georges,208,002-008,17,432,3,11,12,3,5,1,155,3
Prince Georges,209,002-009,22,391,4,13,9,3,3,0,134,5
Prince Georges,210,002-010,9,226,1,7,4,1,3,0,92,0
Prince Georges,301,003-001,4,135,2,1,2,4,2,0,74,1
Prince Georges,302,003-002,18,444,2,4,8,6,1,1,191,3
Prince Georges,303,003-003,14,605,4,6,6,4,2,2,264,2
Prince Georges,304,003-004,7,385,3,3,3,3,1,0,187,2
Prince Georges,305,003-005,3,312,1,0,4,1,5,0,160,0
Prince Georges,306,003-006,11,599,3,3,3,3,1,0,216,1
Prince Georges,307,003-007,3,67,0,1,1,2,0,0,29,1
Prince Georges,308,003-008,0,18,0,1,0,0,0,0,20,1
Prince Georges,401,004-001,4,119,1,4,0,2,0,0,177,3
Prince Georges,501,005-001,13,667,2,3,10,5,7,2,318,5
Prince Georges,502,005-002,6,337,1,3,2,4,1,0,205,2
Prince Georges,503,005-003,8,410,1,5,2,1,2,0,125,2
Prince Georges,504,005-004,10,479,4,3,6,4,4,0,168,1
Prince Georges,505,005-005,12,579,0,3,5,1,5,1,261,1
Prince Georges,506,005-006,9,455,1,5,2,3,3,2,175,3
Prince Georges,507,005-007,9,569,3,5,1,5,2,1,259,1
Prince Georges,508,005-008,8,210,3,0,2,4,4,0,220,4
Prince Georges,509,005-009,5,78,0,2,1,0,0,0,46,1
Prince Georges,510,005-010,5,149,1,0,2,2,0,0,76,0
Prince Georges,511,005-011,10,397,3,1,4,4,2,0,117,3
Prince Georges,512,005-012,16,473,6,6,8,9,5,1,233,4
Prince Georges,601,006-001,9,465,2,9,9,3,3,0,111,3
Prince Georges,602,006-002,2,240,0,3,2,0,1,1,82,1
Prince Georges,603,006-003,16,497,6,14,13,3,5,1,141,3
Prince Georges,604,006-004,11,383,0,6,5,4,6,0,80,1
Prince Georges,605,006-005,10,307,1,5,4,2,1,0,71,0
Prince Georges,606,006-006,15,327,3,4,3,2,2,0,103,1
Prince Georges,607,006-007,11,472,6,9,3,2,2,1,142,4
Prince Georges,608,006-008,9,301,4,1,1,0,2,0,83,0
Prince Georges,609,006-009,5,327,4,4,3,2,3,1,75,0
Prince Georges,610,006-010,10,448,2,6,8,4,1,0,124,4
Prince Georges,611,006-011,10,411,1,2,8,6,0,0,124,2
Prince Georges,612,006-012,8,254,2,1,3,1,2,0,53,4
Prince Georges,613,006-013,5,403,4,4,4,4,1,1,174,2
Prince Georges,614,006-014,2,90,0,3,2,1,0,0,20,0
Prince Georges,615,006-015,10,404,0,2,3,3,1,1,104,2
Prince Georges,616,006-016,10,343,1,5,4,2,1,0,87,1
Prince Georges,617,006-017,7,502,1,0,5,2,0,0,144,2
Prince Georges,618,006-018,10,275,0,6,4,5,5,0,101,1
Prince Georges,619,006-019,2,331,1,6,3,3,3,0,87,0
Prince Georges,620,006-020,7,536,1,5,6,2,2,0,129,0
Prince Georges,621,006-021,2,75,0,0,1,0,0,0,21,2
Prince Georges,622,006-022,13,430,0,3,5,3,0,1,89,2
Prince Georges,623,006-023,8,271,0,1,4,3,0,0,90,1
Prince Georges,624,006-024,1,142,0,0,0,1,1,0,35,0
Prince Georges,625,006-025,2,93,0,0,1,0,0,0,19,0
Prince Georges,626,006-026,2,176,1,2,1,1,1,0,55,0
Prince Georges,627,006-027,3,129,2,2,2,2,2,1,28,2
Prince Georges,628,006-028,1,128,0,0,1,0,1,0,37,1
Prince Georges,629,006-029,3,88,1,1,1,0,1,0,26,0
Prince Georges,701,007-001,0,138,0,0,1,0,0,0,85,0
Prince Georges,702,007-002,5,92,4,4,5,5,1,0,131,3
Prince Georges,703,007-003,7,116,3,9,4,9,2,2,185,5
Prince Georges,704,007-004,3,112,6,6,1,6,3,1,182,8
Prince Georges,705,007-005,10,170,8,5,3,3,0,1,217,9
Prince Georges,706,007-006,7,277,4,4,4,3,2,1,205,2
Prince Georges,707,007-007,6,347,0,3,4,7,2,2,194,3
Prince Georges,708,007-008,4,228,2,14,3,2,4,0,148,0
Prince Georges,709,007-009,14,606,2,8,6,7,4,0,306,5
Prince Georges,710,007-010,12,437,6,7,4,4,6,0,264,4
Prince Georges,711,007-011,15,631,1,1,7,2,1,0,280,1
Prince Georges,712,007-012,5,531,1,5,1,2,2,0,159,2
Prince Georges,713,007-013,11,467,3,2,1,2,0,0,216,0
Prince Georges,714,007-014,5,178,1,8,1,4,1,0,185,2
Prince Georges,715,007-015,9,405,2,2,2,2,4,0,190,0
Prince Georges,716,007-016,5,113,1,3,3,1,3,0,101,4
Prince Georges,717,007-017,4,173,3,3,1,5,2,0,108,0
Prince Georges,718,007-018,0,16,0,0,1,0,0,0,4,0
Prince Georges,719,007-019,3,52,0,0,0,3,0,0,42,0
Prince Georges,720,007-020,1,30,2,0,0,0,0,0,13,1
Prince Georges,721,007-021,1,34,0,0,0,2,0,0,20,0
Prince Georges,722,007-022,8,664,1,4,2,3,1,1,307,6
Prince Georges,723,007-023,2,313,0,1,3,3,1,0,146,2
Prince Georges,724,007-024,0,50,1,0,0,1,0,0,36,0
Prince Georges,801,008-001,1,90,3,4,2,1,3,0,57,1
Prince Georges,901,009-001,10,621,3,5,6,2,5,1,223,2
Prince Georges,902,009-002,6,246,2,6,2,1,2,0,95,1
Prince Georges,903,009-003,0,17,0,0,0,1,1,0,7,1
Prince Georges,904,009-004,4,325,3,6,2,3,3,1,173,0
Prince Georges,905,009-005,13,445,1,5,2,1,0,0,145,2
Prince Georges,906,009-006,15,608,0,5,8,1,2,0,243,3
Prince Georges,907,009-007,14,535,2,3,6,2,7,1,285,2
Prince Georges,908,009-008,20,767,5,6,16,7,4,1,388,3
Prince Georges,909,009-009,5,178,1,6,3,2,2,0,99,0
Prince Georges,910,009-010,13,349,1,3,4,4,4,0,161,5
Prince Georges,911,009-011,6,485,3,2,6,2,4,1,164,5
Prince Georges,912,009-012,2,23,0,0,0,0,0,0,11,1
Prince Georges,913,009-013,11,338,2,6,4,5,2,0,148,4
Prince Georges,914,009-014,0,0,0,0,0,0,0,0,0,0
Prince Georges,915,009-015,0,0,0,0,1,0,0,0,0,1
Prince Georges,1001,010-001,11,171,1,6,0,3,0,0,77,0
Prince Georges,1002,010-002,24,349,7,12,9,12,4,3,256,6
Prince Georges,1003,010-003,7,167,1,5,1,8,0,3,160,1
Prince Georges,1004,010-004,25,276,1,9,3,5,4,0,144,3
Prince Georges,1005,010-005,4,246,6,8,4,8,2,2,372,10
Prince Georges,1006,010-006,22,364,8,14,7,11,4,1,242,6
Prince Georges,1007,010-007,7,187,0,7,4,5,1,1,139,4
Prince Georges,1008,010-008,8,153,2,4,7,4,2,0,121,4
Prince Georges,1009,010-009,10,245,4,11,7,7,1,0,132,7
Prince Georges,1010,010-010,7,206,1,3,3,10,3,1,154,5
Prince Georges,1011,010-011,12,214,2,6,2,2,1,0,116,4
Prince Georges,1012,010-012,22,545,3,12,8,8,6,1,323,15
Prince Georges,1013,010-013,12,399,6,13,5,7,2,1,286,9
Prince Georges,1014,010-014,3,84,0,3,3,3,0,0,36,2
Prince Georges,1101,011-001,13,404,2,7,4,4,4,0,140,0
Prince Georges,1102,011-002,17,450,5,5,6,2,3,2,215,4
Prince Georges,1103,011-003,12,550,5,7,5,6,5,1,179,4
Prince Georges,1104,011-004,18,527,2,12,13,8,3,1,316,6
Prince Georges,1105,011-005,2,60,0,1,2,0,0,0,29,0
Prince Georges,1201,012-001,4,211,1,5,2,6,0,0,85,2
Prince Georges,1202,012-002,4,244,0,4,3,2,0,0,66,1
Prince Georges,1203,012-003,7,355,0,5,2,3,0,1,75,0
Prince Georges,1204,012-004,13,418,2,4,7,5,1,1,107,2
Prince Georges,1205,012-005,10,424,2,3,2,4,1,0,140,4
Prince Georges,1206,012-006,3,353,0,3,5,6,2,0,92,0
Prince Georges,1207,012-007,10,346,1,5,3,0,3,0,79,3
Prince Georges,1208,012-008,4,284,1,2,1,4,0,2,85,0
Prince Georges,1209,012-009,5,282,3,3,7,5,1,0,55,1
Prince Georges,1210,012-010,10,567,5,4,4,3,0,0,178,6
Prince Georges,1211,012-011,8,497,5,4,4,3,2,1,223,2
Prince Georges,1212,012-012,8,361,1,3,5,2,2,0,96,2
Prince Georges,1213,012-013,8,496,0,2,5,0,0,0,131,1
Prince Georges,1214,012-014,6,433,0,3,5,2,0,1,156,3
Prince Georges,1215,012-015,4,423,1,3,5,4,4,0,110,1
Prince Georges,1216,012-016,7,234,2,6,0,2,2,2,65,2
Prince Georges,1217,012-017,1,87,2,0,2,0,0,1,38,0
Prince Georges,1218,012-018,0,49,0,0,0,0,2,0,11,0
Prince Georges,1301,013-001,2,106,1,4,1,0,0,0,16,2
Prince Georges,1302,013-002,8,315,2,3,1,5,3,1,65,0
Prince Georges,1303,013-003,13,285,1,4,4,1,0,0,90,0
Prince Georges,1304,013-004,3,256,2,0,1,3,0,0,85,3
Prince Georges,1305,013-005,10,485,1,3,4,2,3,0,258,1
Prince Georges,1306,013-006,11,519,3,4,4,2,2,0,173,1
Prince Georges,1307,013-007,14,613,5,7,4,7,2,0,159,5
Prince Georges,1308,013-008,1,185,1,4,1,2,1,0,50,1
Prince Georges,1309,013-009,10,492,1,4,1,1,1,0,190,0
Prince Georges,1310,013-010,6,613,4,11,5,8,5,3,173,3
Prince Georges,1311,013-011,8,517,2,1,8,1,1,0,173,2
Prince Georges,1312,013-012,5,630,3,2,4,2,0,1,220,2
Prince Georges,1313,013-013,10,369,2,0,1,3,0,0,145,0
Prince Georges,1314,013-014,10,556,2,6,5,5,2,0,204,3
Prince Georges,1315,013-015,9,587,0,1,1,4,2,2,227,1
Prince Georges,1316,013-016,17,447,0,5,3,10,3,0,146,2
Prince Georges,1317,013-017,12,319,2,2,4,1,3,0,68,1
Prince Georges,1318,013-018,5,120,1,1,0,0,2,0,31,1
Prince Georges,1319,013-019,0,12,0,0,0,0,0,0,3,0
Prince Georges,1320,013-020,3,99,3,1,2,0,0,0,33,2
Prince Georges,1321,013-021,7,235,2,0,4,1,0,0,113,1
Prince Georges,1322,013-022,2,53,0,0,1,0,0,0,16,0
Prince Georges,1323,013-023,4,126,0,1,3,1,0,0,48,1
Prince Georges,1324,013-024,5,198,1,5,0,1,1,0,64,0
Prince Georges,1325,013-025,4,36,0,0,0,0,0,0,16,0
Prince Georges,1401,014-001,12,314,1,11,2,6,0,1,271,5
Prince Georges,1402,014-002,19,471,9,18,6,11,0,0,215,7
Prince Georges,1403,014-003,4,129,6,4,4,4,1,1,188,2
Prince Georges,1404,014-004,10,138,3,4,1,4,4,0,175,6
Prince Georges,1405,014-005,8,97,4,4,1,3,3,1,152,9
Prince Georges,1406,014-006,3,63,6,3,3,4,1,1,164,3
Prince Georges,1407,014-007,9,323,2,7,3,4,5,1,241,7
Prince Georges,1408,014-008,3,193,0,6,3,4,2,0,111,3
Prince Georges,1409,014-009,18,391,9,11,7,10,4,2,289,1
Prince Georges,1410,014-010,5,157,1,5,1,4,2,0,131,5
Prince Georges,1411,014-011,4,77,2,3,1,4,0,0,95,1
Prince Georges,1412,014-012,7,299,1,6,1,1,2,1,234,6
Prince Georges,1413,014-013,7,130,0,2,1,1,0,1,103,4
Prince Georges,1414,014-014,0,0,0,0,0,0,0,0,2,0
Prince Georges,1415,014-015,0,47,0,5,0,0,0,0,38,0
Prince Georges,1416,014-016,1,16,0,2,1,1,0,0,16,0
Prince Georges,1417,014-017,0,0,0,0,0,0,0,0,0,0
Prince Georges,1501,015-001,15,596,7,7,6,4,5,0,252,4
Prince Georges,1502,015-002,6,332,1,5,4,5,2,0,115,0
Prince Georges,1503,015-003,10,409,3,7,8,6,4,0,178,2
Prince Georges,1504,015-004,13,489,4,11,6,4,5,1,222,3
Prince Georges,1505,015-005,12,1041,4,11,8,5,4,3,362,8
Prince Georges,1506,015-006,11,401,3,7,5,9,2,0,193,4
Prince Georges,1601,016-001,7,77,0,3,3,3,2,0,46,1
Prince Georges,1602,016-002,1,91,3,1,1,1,1,0,103,2
Prince Georges,1603,016-003,12,458,4,12,8,3,5,1,665,6
Prince Georges,1604,016-004,5,273,2,10,6,5,3,0,273,2
Prince Georges,1605,016-005,0,14,1,1,1,0,0,0,7,0
Prince Georges,1701,017-001,4,333,1,10,3,3,4,1,352,4
Prince Georges,1702,017-002,4,207,3,5,3,3,3,0,191,3
Prince Georges,1703,017-003,5,121,3,11,3,7,4,0,215,9
Prince Georges,1704,017-004,11,225,1,2,5,4,3,2,138,1
Prince Georges,1705,017-005,8,134,1,2,1,2,0,1,165,1
Prince Georges,1706,017-006,5,119,3,7,4,4,0,0,96,3
Prince Georges,1707,017-007,8,351,1,11,5,5,1,1,316,0
Prince Georges,1708,017-008,0,68,1,3,1,3,1,0,57,3
Prince Georges,1709,017-009,8,144,0,7,2,4,1,1,134,4
Prince Georges,1710,017-010,22,375,3,21,7,9,9,1,260,6
Prince Georges,1711,017-011,13,226,0,6,4,1,0,1,315,3
Prince Georges,1712,017-012,10,196,1,7,7,10,1,0,198,7
Prince Georges,1713,017-013,0,15,2,1,2,1,0,0,15,2
Prince Georges,1714,017-014,5,174,8,10,5,7,1,0,88,2
Prince Georges,1715,017-015,1,22,0,0,0,1,0,0,14,0
Prince Georges,1801,018-001,8,447,2,5,7,2,0,0,125,1
Prince Georges,1802,018-002,1,201,0,1,0,2,0,2,50,0
Prince Georges,1803,018-003,3,197,1,5,7,3,1,0,51,0
Prince Georges,1804,018-004,2,183,1,4,2,0,0,0,55,1
Prince Georges,1805,018-005,5,186,1,1,2,1,2,0,54,1
Prince Georges,1806,018-006,5,528,1,7,1,1,0,0,147,0
Prince Georges,1807,018-007,10,411,2,5,3,4,4,1,104,1
Prince Georges,1808,018-008,10,226,1,4,4,2,2,0,87,2
Prince Georges,1809,018-009,12,363,0,6,1,2,2,0,96,1
Prince Georges,1810,018-010,6,196,0,0,0,1,1,0,58,0
Prince Georges,1811,018-011,4,258,2,6,3,3,1,0,57,2
Prince Georges,1812,018-012,1,25,0,0,0,0,0,0,7,0
Prince Georges,1813,018-013,0,78,0,2,0,0,1,0,26,0
Prince Georges,1814,018-014,2,66,0,0,1,1,0,0,21,1
Prince Georges,1815,018-015,0,10,0,0,0,2,0,0,3,0
Prince Georges,1816,018-016,0,9,0,0,0,0,0,0,1,0
Prince Georges,1901,019-001,16,234,3,8,8,3,2,0,229,4
Prince Georges,1902,019-002,13,184,4,17,3,6,4,3,124,5
Prince Georges,1903,019-003,3,171,5,2,2,5,3,2,439,5
Prince Georges,1904,019-004,7,170,2,8,5,2,2,1,64,0
Prince Georges,1905,019-005,0,0,0,0,0,0,0,0,0,0
Prince Georges,2001,020-001,18,337,4,8,3,8,1,0,200,6
Prince Georges,2002,020-002,5,96,1,0,1,3,3,0,41,0
Prince Georges,2003,020-003,4,327,2,6,6,4,1,0,101,0
Prince Georges,2004,020-004,14,266,3,5,4,3,1,0,86,1
Prince Georges,2005,020-005,14,210,5,7,11,9,2,1,195,2
Prince Georges,2006,020-006,13,199,3,9,1,2,1,0,131,0
Prince Georges,2007,020-007,4,238,0,2,2,2,0,1,74,3
Prince Georges,2008,020-008,8,182,3,5,1,1,1,0,75,1
Prince Georges,2009,020-009,11,276,1,2,2,2,0,0,118,1
Prince Georges,2010,020-010,9,107,2,2,0,3,1,0,71,2
Prince Georges,2011,020-011,19,367,5,9,2,2,2,0,125,0
Prince Georges,2012,020-012,9,179,4,6,2,3,1,0,67,4
Prince Georges,2013,020-013,2,59,0,4,0,2,2,0,23,0
Prince Georges,2014,020-014,2,29,1,1,0,1,0,0,16,2
Prince Georges,2015,020-015,0,0,0,0,0,0,0,0,0,0
Prince Georges,2016,020-016,4,59,1,0,1,1,1,0,25,0
Prince Georges,2017,020-017,1,1,0,0,0,2,0,0,0,0
Prince Georges,2018,020-018,6,84,0,1,3,1,0,0,19,1
Prince Georges,2019,020-019,17,265,3,4,3,3,1,0,93,2
Prince Georges,2020,020-020,4,59,1,0,2,1,0,0,19,0
Prince Georges,2021,020-021,7,86,2,2,0,2,2,1,78,1
Prince Georges,2101,021-001,11,167,5,9,4,7,4,2,247,4
Prince Georges,2102,021-002,2,103,3,5,0,5,1,2,222,2
Prince Georges,2103,021-003,5,334,2,8,6,6,1,3,524,8
Prince Georges,2104,021-004,11,134,4,9,5,5,3,1,169,9
Prince Georges,2105,021-005,8,192,2,9,3,7,2,0,142,5
Prince Georges,2106,021-006,1,252,1,4,4,2,3,0,443,3
Prince Georges,2107,021-007,10,133,7,11,1,10,5,1,253,3
Prince Georges,2108,021-008,16,216,5,3,2,6,1,0,98,5
Prince Georges,2109,021-009,5,96,3,1,4,2,3,0,105,1
Prince Georges,2110,021-010,11,146,6,8,3,5,4,0,194,8
Prince Georges,2111,021-011,8,299,3,8,5,7,1,1,202,5
Prince Georges,2112,021-012,2,42,1,4,1,3,0,0,107,0
Prince Georges,2113,021-013,15,353,3,10,7,4,4,0,248,5
Prince Georges,2114,021-014,8,149,1,11,2,2,0,1,152,3
Prince Georges,2115,021-015,3,120,2,2,3,2,0,1,146,4
Prince Georges,2116,021-016,15,230,1,10,1,2,1,1,149,4
Prince Georges,2117,021-017,11,179,14,16,9,20,4,2,192,20
Prince Georges,2118,021-018,12,345,2,9,5,9,4,4,209,3
Prince Georges,2119,021-019,0,0,0,0,0,0,0,0,1,0
Prince Georges,6001,EVC-1,0,0,0,0,0,0,0,0,0,0
Prince Georges,6002,EVC-2,0,0,0,0,0,0,0,0,0,0
Prince Georges,6003,EVC-3,0,0,0,0,0,0,0,0,0,0
Prince Georges,6004,EVC-4,0,0,0,0,0,0,0,0,0,0
Prince Georges,6005,EVC-5,0,0,0,0,0,0,0,0,0,0
Prince Georges,6006,EVC-6,0,0,0,0,0,0,0,0,0,0
Prince Georges,6007,EVC-7,0,0,0,0,0,0,0,0,0,0
Prince Georges,6008,EVC-8,0,0,0,0,0,0,0,0,0,0
Prince Georges,7000,Absentee 1,0,0,0,0,0,0,0,0,0,0
Prince Georges,7500,Provisional,0,0,0,0,0,0,0,0,0,0
Prince Georges,8000,Absentee 2,0,0,0,0,0,0,0,0,0,0
Queen Anne's,101,001-001,1,36,2,2,2,0,2,2,71,3
Queen Anne's,201,002-001,4,84,6,9,7,6,2,4,203,4
Queen Anne's,301,003-001,5,54,2,4,1,2,4,0,111,3
Queen Anne's,302,003-002,3,75,2,7,0,9,3,2,160,3
Queen Anne's,401,004-001,10,64,9,7,3,7,1,2,138,2
Queen Anne's,402,004-002,5,71,1,8,4,7,1,3,234,6
Queen Anne's,403,004-003,2,75,7,6,6,4,3,1,217,3
Queen Anne's,406,004-006,4,37,3,7,2,3,2,0,176,4
Queen Anne's,501,005-001,2,39,1,3,1,2,0,1,99,0
Queen Anne's,502,005-002,6,128,2,4,6,10,1,2,233,3
Queen Anne's,601,006-001,3,21,1,3,1,0,0,1,61,1
Queen Anne's,701,007-001,2,79,3,3,3,4,0,1,111,2
Queen Anne's,6001,EVC-1,0,0,0,0,0,0,0,0,0,0
Queen Anne's,6002,EVC-2,0,0,0,0,0,0,0,0,0,0
Queen Anne's,7000,Absentee 1,0,0,0,0,0,0,0,0,0,0
Queen Anne's,7500,Provisional,0,0,0,0,0,0,0,0,0,0
Queen Anne's,8000,Absentee 2,0,0,0,0,0,0,0,0,0,0
Somerset,101,001-001,6,30,2,1,2,4,1,0,34,1
Somerset,102,001-002,9,74,3,18,11,9,3,1,56,2
Somerset,103,001-003,8,12,0,2,4,5,2,1,7,0
Somerset,201,002-001,0,13,0,1,3,1,1,1,15,1
Somerset,301,003-001,0,27,2,3,2,3,6,1,50,4
Somerset,401,004-001,1,14,1,0,1,1,1,1,35,0
Somerset,501,005-001,3,28,0,3,5,3,3,3,29,1
Somerset,601,006-001,1,23,1,3,2,2,0,0,26,0
Somerset,701,007-001,8,59,7,7,8,13,8,2,64,2
Somerset,801,008-001,3,28,6,5,2,1,0,2,53,1
Somerset,802,008-002,1,11,2,2,4,0,2,0,8,0
Somerset,901,009-001,1,11,0,0,1,1,1,1,12,0
Somerset,1001,010-001,2,9,0,0,0,0,0,0,13,0
Somerset,1002,010-002,1,0,0,0,0,0,0,0,4,0
Somerset,1101,011-001,0,2,0,0,0,0,1,0,5,0
Somerset,1201,012-001,4,12,0,1,3,1,1,2,32,1
Somerset,1301,013-001,0,2,0,0,0,0,1,0,4,0
Somerset,1302,013-002,2,9,0,0,0,1,0,0,9,0
Somerset,1303,013-003,4,5,0,0,1,0,0,0,7,0
Somerset,1401,014-001,1,16,2,0,2,2,1,1,16,1
Somerset,1501,015-001,4,25,0,1,3,2,2,0,16,0
Somerset,1502,015-002,2,46,2,10,9,8,4,0,25,5
Somerset,1503,015-003,0,3,0,0,1,0,1,0,3,0
Somerset,6001,EVC-1,0,0,0,0,0,0,0,0,0,0
Somerset,7000,Absentee 1,0,0,0,0,0,0,0,0,0,0
Somerset,7500,Provisional,0,0,0,0,0,0,0,0,0,0
Somerset,8000,Absentee 2,0,0,0,0,0,0,0,0,0,0
St Marys,101,001-001,12,110,8,9,4,11,13,3,177,7
St Marys,102,001-002,6,58,4,1,8,3,3,2,137,4
St Marys,201,002-001,7,61,7,5,4,5,7,7,116,6
St Marys,202,002-002,7,67,3,4,1,0,4,3,99,2
St Marys,203,002-003,0,29,4,2,0,4,3,3,49,1
St Marys,204,002-004,3,24,2,3,2,3,0,0,25,1
St Marys,301,003-001,2,66,2,9,4,5,7,0,98,2
St Marys,302,003-002,4,99,7,8,7,5,8,2,130,1
St Marys,303,003-003,11,49,8,5,1,11,2,1,98,1
St Marys,304,003-004,7,30,13,2,2,4,5,0,128,1
St Marys,305,003-005,1,33,3,1,2,1,3,5,73,3
St Marys,306,003-006,4,32,6,2,2,5,3,2,45,2
St Marys,401,004-001,8,59,12,4,13,3,7,2,105,1
St Marys,402,004-002,8,49,7,7,4,8,5,2,63,2
St Marys,403,004-003,6,94,7,7,8,2,5,3,111,1
St Marys,501,005-001,8,92,11,1,4,4,7,1,126,8
St Marys,502,005-002,10,82,4,7,2,3,2,3,113,5
St Marys,503,005-003,5,51,3,5,3,5,5,1,97,6
St Marys,601,006-001,9,48,5,4,4,4,1,0,77,1
St Marys,602,006-002,4,44,8,6,3,3,2,4,72,2
St Marys,603,006-003,6,58,7,8,4,4,6,5,115,7
St Marys,604,006-004,4,54,7,0,1,2,4,0,70,4
St Marys,701,007-001,10,90,9,2,6,4,8,4,177,2
St Marys,801,008-001,18,112,10,9,9,7,3,2,74,3
St Marys,802,008-002,4,27,7,5,2,4,4,1,72,3
St Marys,803,008-003,9,130,5,9,9,17,9,3,101,7
St Marys,804,008-004,16,155,6,8,7,12,6,2,89,10
St Marys,805,008-005,6,44,9,7,4,7,4,2,116,3
St Marys,806,008-006,4,51,5,6,0,2,4,1,95,2
St Marys,807,008-007,14,136,8,8,8,10,6,1,74,5
St Marys,808,008-008,1,30,1,0,1,5,2,1,24,2
St Marys,809,008-009,24,150,8,14,12,17,7,1,85,4
St Marys,810,008-010,3,34,5,3,1,1,3,2,34,3
St Marys,811,008-011,8,72,3,8,3,11,3,1,50,4
St Marys,812,008-012,1,12,1,0,0,1,2,0,14,1
St Marys,901,009-001,0,6,0,2,1,0,0,1,22,1
St Marys,6001,EVC-1,0,0,0,0,0,0,0,0,0,0
St Marys,7000,Absentee 1,0,0,0,0,0,0,0,0,0,0
St Marys,7500,Provisional,0,0,0,0,0,0,0,0,0,0
St Marys,8000,Absentee 2,0,0,0,0,0,0,0,0,0,0
Washington,100,001-000,5,74,5,6,5,5,5,2,139,7
Washington,200,002-000,12,76,7,11,5,6,10,5,145,10
Washington,301,003-001,6,27,1,2,2,7,1,0,52,2
Washington,302,003-002,9,54,1,8,4,10,4,4,69,8
Washington,303,003-003,6,51,4,8,0,9,6,2,59,6
Washington,304,003-004,6,27,3,14,3,5,1,3,28,2
Washington,305,003-005,0,0,0,0,0,0,0,0,0,0
Washington,400,004-000,9,40,4,6,4,8,8,6,92,1
Washington,500,005-000,2,29,5,5,5,4,1,0,69,1
Washington,601,006-001,6,44,5,3,4,5,7,1,131,2
Washington,602,006-002,9,63,6,11,5,11,3,1,177,2
Washington,701,007-001,8,52,4,3,9,7,5,5,116,3
Washington,702,007-002,7,39,4,8,4,8,7,2,94,8
Washington,800,008-000,6,44,3,6,7,6,1,1,127,4
Washington,900,009-000,7,45,4,8,4,5,7,0,113,9
Washington,1001,010-001,3,83,3,5,6,16,7,1,143,3
Washington,1002,010-002,9,80,3,14,5,11,4,0,146,6
Washington,1003,010-003,3,44,1,5,4,11,3,0,91,2
Washington,1004,010-004,5,35,0,2,6,1,5,1,63,2
Washington,1005,010-005,0,0,0,0,0,0,0,0,4,0
Washington,1101,011-001,1,25,2,2,9,4,1,0,71,2
Washington,1102,011-002,0,9,1,1,5,6,1,0,35,2
Washington,1200,012-000,4,33,5,5,3,6,6,1,121,4
Washington,1301,013-001,8,46,4,9,5,5,8,1,103,2
Washington,1302,013-002,8,43,1,6,4,8,3,1,54,5
Washington,1401,014-001,2,22,2,1,3,0,1,0,42,1
Washington,1402,014-002,0,22,1,6,2,9,2,0,38,2
Washington,1500,015-000,1,18,0,6,2,5,5,1,52,4
Washington,1600,016-000,7,55,5,14,7,9,6,0,167,3
Washington,1701,017-001,19,107,9,17,10,23,5,5,156,10
Washington,1801,018-001,5,46,4,11,8,10,5,0,108,5
Washington,1802,018-002,8,87,4,15,2,8,6,4,112,7
Washington,1803,018-003,14,89,2,9,4,13,11,1,123,5
Washington,1804,018-004,0,9,0,1,0,2,0,0,12,1
Washington,1900,019-000,5,57,2,3,6,1,3,2,102,7
Washington,2000,020-000,5,33,3,3,6,4,9,4,69,2
Washington,2101,021-001,8,82,5,13,6,19,5,4,145,3
Washington,2102,021-002,9,67,2,13,5,12,10,2,136,4
Washington,2103,021-003,3,39,2,4,1,5,4,1,117,4
Washington,2201,022-001,11,51,4,12,6,14,4,4,89,7
Washington,2202,022-002,11,72,7,13,4,13,9,3,83,8
Washington,2300,023-000,6,55,2,6,9,7,16,4,114,3
Washington,2401,024-001,2,12,0,2,3,0,2,0,12,1
Washington,2501,025-001,11,45,3,8,4,7,4,1,41,6
Washington,2502,025-002,9,77,4,12,5,12,8,3,70,6
Washington,2503,025-003,0,8,0,0,0,0,1,0,0,0
Washington,2504,025-004,11,63,6,16,8,11,8,4,93,4
Washington,2601,026-001,14,77,9,12,8,13,14,5,152,3
Washington,2602,026-002,9,56,4,7,3,20,6,5,124,4
Washington,2603,026-003,16,68,6,9,4,7,7,2,159,3
Washington,2701,027-001,11,70,3,15,3,7,3,2,169,9
Washington,2702,027-002,9,95,7,11,10,5,3,2,152,5
Washington,6001,EVC-1,0,0,0,0,0,0,0,0,0,0
Washington,7000,Absentee 1,0,0,0,0,0,0,0,0,0,0
Washington,7500,Provisional,0,0,0,0,0,0,0,0,0,0
Washington,8000,Absentee 2,0,0,0,0,0,0,0,0,0,0
Worcester,101,001-001,30,186,9,33,15,15,8,5,196,5
Worcester,102,001-002,3,18,1,3,3,3,1,1,38,3
Worcester,201,002-001,7,37,0,0,2,4,4,0,34,0
Worcester,202,002-002,23,99,5,7,8,11,5,5,76,2
Worcester,203,002-003,2,9,0,0,1,4,0,1,24,1
Worcester,204,002-004,7,25,4,2,1,6,1,2,18,1
Worcester,205,002-005,16,72,2,15,9,13,10,2,61,4
Worcester,301,003-001,8,56,10,4,6,4,8,11,122,1
Worcester,302,003-002,5,33,1,9,3,3,5,3,114,3
Worcester,303,003-003,9,23,5,9,2,7,0,5,56,7
Worcester,401,004-001,9,55,5,4,10,6,3,5,154,5
Worcester,402,004-002,4,22,3,5,1,2,0,1,29,2
Worcester,403,004-003,1,8,1,1,0,0,0,0,9,1
Worcester,404,004-004,16,37,5,5,6,3,4,10,59,2
Worcester,501,005-001,14,53,6,6,2,7,0,6,215,3
Worcester,502,005-002,13,72,2,11,4,12,8,4,221,4
Worcester,601,006-001,5,58,3,8,4,13,5,4,225,6
Worcester,602,006-002,1,8,2,0,3,0,1,0,34,1
Worcester,603,006-003,5,44,2,7,4,2,7,5,97,4
Worcester,701,007-001,20,92,6,28,15,14,13,9,358,8
Worcester,6001,EVC-1,0,0,0,0,0,0,0,0,0,0
Worcester,7000,Absentee 1,0,0,0,0,0,0,0,0,0,0
Worcester,7500,Provisional,0,0,0,0,0,0,0,0,0,0
Worcester,8000,Absentee 2,0,0,0,0,0,0,0,0,0,0